paper_id,pdf_url,title,abstract,human_feedback_list,duplicated_feedback_pairs
604_2305_10544v1,https://arxiv.org/pdf/2305.10544v1,Sum-Product-Set Networks: Deep Tractable Models for Tree-Structured Graphs,"We introduce Graph-Induced Sum-Product Networks (GSPNs), a new probabilistic framework for graph representation learning that can tractably answer probabilistic queries. Inspired by the computational trees induced by vertices in the context of message-passing neural networks, we build hierarchies of sum-product networks (SPNs) where the parameters of a parent SPN are learnable transformations of the a-posterior mixing probabilities of its children's sum units. Due to weight sharing and the tree-shaped computation graphs of GSPNs, we obtain the efficiency and efficacy of deep graph networks with the additional advantages of a probabilistic model. We show the model's competitiveness on scarce supervision scenarios, under missing data, and for graph classification in comparison to popular neural models. We complement the experiments with qualitative analyses on hyper-parameters and the model's ability to answer probabilistic queries.","0. The requirement of full independence in the distribution of a set unit seems quite stringent and potentially unrealistic, for example, in the mutagenesis example where atoms in a molecule would be considered independent conditional on molecule size, which may not be a valid assumption.
1. On the empirical side, to justify the importance of tractability, it would be useful to test some example queries on the learned SPSNs and their domain-specific interpretation beyond marginalizing leaves where the tree structure is fixed.
2. Details on how SPSNs are learned seem to be missing; specifically, while the structure of the SPSN is fixed, it is unclear how the parameters are learned and whether the cardinality distribution is learned and how it is parameterized.
3. Is there any technical reason why the SPSN architecture cannot be extended to directed acyclic graphs (DAGs) rather than just tree-structured data?
4. The related work section is thorough, but it would be useful to better understand the relationship with relational SPNs, especially since the tested datasets come from a relational schema. Specifically, how does one translate a relational schema to a tree schema as in Figures 4-11, and in what way is relational data a particular form of graph-structured data?
5. The statement of Proposition 2 is unclear and seems more like a definition rather than a result.
6. The manuscript does not fully justify or analyze key components of the approach, specifically (1) providing concrete examples of interesting tractable inference queries when the number of variables is not fixed beyond marginalizing leaves, and (2) empirical or theoretical analysis of the impact of Assumption 1 on expressivity and modeling capacity.
7. The writing of the paper would be greatly improved by adding informal intuitions throughout the text and including a complete toy example of a sum-product-set network (SPSN).
8. The authors do not clarify whether it is possible to obtain a distribution over tree-structured graphs using knowledge compilation to compile the distribution into a logical circuit whose parameters can then be learned, and whether there is an expressivity gap between probabilistic circuits (PCs) with and without set units.
9. The authors only briefly mention that the infinite sum required to evaluate the set unit reduces to a finite sum in practice, which is crucial for their tractability results. This should be made more formal in the paper.
10. The paper does not clearly indicate the scale of the experiments performed, and the experiments appear to be toyish.
11. Could the authors please explain what a schema is in an intuitive way, beyond the formal definition? The term 'schema' is familiar in databases but does not seem to translate directly here.
12. Am I correct in understanding that set units only apply to homogeneous nodes?
13. Assumption 1 states that the cardinality distribution vanishes for sufficiently large m. What exactly does this mean? Also, is it correct that elements of the set are independent given the cardinality, i.e., statistical correlations between elements are not considered? This raises questions about the tractability of SPSNs as laid out in Proposition 1.
14. Could the authors please elaborate on Definition 5? Specifically, what structural constraint is being imposed? The phrase 'follow only a single child of each sum unit' suggests determinism, is this the case?
15. The manuscript lacks a transparent and detailed discussion about the implementation of SPSNs, particularly regarding the convergence behavior, model size, sensitivity to parameter initialization, and hyper-parameter tuning.
16. Section 5 is unclear on how the tractability and exchangeability properties of SPSNs are exploited in the experiments, making it difficult to understand how these theoretical properties translate into practical benefits.
17. The experiments, while showing beneficial results on missing values, do not convincingly demonstrate efficient inference over specific parts of the data graph as claimed in the Conclusion.
18. The manuscript would benefit from comparing its results with recent related works, especially those discussed in Section 4, to better situate the contribution and highlight differences.
19. The writing is unclear regarding the distinction between probabilistic circuits (PCs) and sum-product networks (SPNs), which causes confusion since the title evokes SPNs but the text uses PCs interchangeably without clarification.
20. The manuscript should discuss the differences between SPNs and SPSNs earlier in the paper, as this is a key contribution of the work, rather than only mentioning it in Section 3.
21. The manuscript could better articulate its motivation by connecting the problems presented in the introduction with some of the results, specifically clarifying how SPSNs take advantage of the parent-child ancestry inherent in tree-structured graphs differently than competitive generative models.
22. The paper does not clarify if there are empirical boundaries or assumptions when implementing the recursive algorithm described in 'Building SPSNs', nor how large data graphs with multiple heterogeneous nodes and size constraints are handled.
23. Please expand on the method described in Section 4 about building a set of trees based on a user-specified neighborhood, particularly in relation to the similar graph-based approach from Errica & Niepert (2023).
24. The paper addresses an important problem by extending probabilistic circuits to tree-structured graph data, which is interesting and promising for the community.
25. The presentation and writing of the paper are very good, making the main points and mechanisms of the SPSNs method easy to understand even for newcomers.
26. The investigation of the exchangeability property of SPSNs is thorough and well done.
27. No meaningful weaknesses or technical questions were identified due to the reviewer's limited expertise.",
1411_LCQ7YTzgRQ,,,,"0. The first sentence of the paper claims to introduce a novel evaluation framework for generative models of graphs, but the paper does not actually present such an evaluation framework.
1. The theoretical propositions in the paper are acceptable, but the generative models and experimental results can be improved.
2. The relationship between the generative models and the theoretical contributions is unclear, and the empirical evaluation of the trade-off between overlap and performance seems like a separate paper.
3. The proposed generative models are trivial and not an important contribution. There is no training algorithm for the parameter p, and hyperparameter search is done by grid search.
4. The models cannot replicate graph characteristics with low overlap, which contradicts the paper's claim that the models should exhibit low overlap. This issue is worse on other networks.
5. The details of the experiments are placed in the appendix rather than the main paper.
6. The overlap metric used in the paper may not be a good measure for diversity of small graphs because it does not consider graph isomorphism.
7. How are maximal cliques selected one by one in Algorithm 1? Is there overlap between two maximal cliques?
8. If the input graph is very sparse with weak connectivity (e.g., most nodes have degree 1 or 2), then the sampled graph G_p may be seriously disconnected. Even after adding a sampled second graph G_r, how does Algorithm 1 guarantee the statistics of the combined graph G_u?
9. Why are the statistics results of GraphVAE missing in Figures 3-6 and 9?
10. How are the small subgraphs of benchmarks in Table 2 generated? Is there a unified approach for this?
11. How large a graph can this method be applied to? Are experiments limited to smaller datasets because verifying results on large graphs is difficult?
12. What are the practical applications of the proposed framework, for example in social networks, financial networks, or drug discovery?
13. The categorization of graph generative models into three types (edge independent, node independent, and fully dependent) does not include many recent generative models. The authors should provide more examples of recent generative models such as GDSS, GraphARM, and DiGress that fit into the proposed categorization.
14. The definitions of the edge independent (EI), node independent (NI), and fully dependent (FD) graph generative model categories are vague and lack formal clarity. Specifically, the definition of the FD model is unclear, especially the phrase 'the generative models allow for any possible distribution A'. A more formal and precise definition is needed.
15. The manuscript lacks a detailed explanation of why using overlap is a strong and appropriate evaluation framework for graph generative models. Although accuracy and diversity are emphasized as key evaluation characteristics, it is unclear why overlap effectively captures these aspects.
16. The manuscript lacks comparison of the proposed overlap evaluation metric to commonly used metrics such as Maximum Mean Discrepancy (MMD) and Validity-Uniqueness-Novetly (V.U.N) metrics, which are popular in graph generative model evaluation.
17. The reviewer questions the motivation for establishing bounds or theoretical limits on the number of triangles and other short-length cycles in graph generative models, seeking clarification on why these bounds and their proofs are necessary.
18. The reviewer finds it difficult to understand the key contribution of the paper, specifically whether the proposed evaluation framework is simply to compare the overlap between generated graphs and test graphs.
19. The reviewer asks whether the triangle-based evaluation method is limited to models that generate many triangles, and whether the proposed method can effectively capture graph generation quality for graphs like grid graphs that have fewer triangles.
20. The meaning of the x-axis in Figure 2 is unclear. Although it is understood that lines following the dotted 'True' line are desirable, the exact interpretation of Figure 2 is not well explained.
21. The related works section includes deep graph generative models such as GraphGAN, GraphRNN, MolGAN, and GraphVAE, which focus on multiple input graphs, making it harder to understand that this work targets the single input graph setting. The paper should clearly explain that it targets the single input graph task and include related works such as GraphAE that address this setting.
22. The reviewer notes that V.U.N metrics are not intended for multiple input graphs; validity and uniqueness are computed only on generated graphs, and novelty is computed relative to training graphs. While novelty may be inappropriate for single input graph settings, validity and uniqueness could still be evaluated. Additional experiments on large graphs where validity can be computed (e.g., SBM data) would strengthen the work.
23. The reviewer is concerned that the cubic nature of the theoretical bounds on triangle counts appears very loose and questions their practical applicability and insightfulness for structuring the generative process. They also request synthetic experiments to verify the bounds' validity and seek clarification on the computational cost of the bounding technique as the number of nodes grows.
24. The reviewer requests more clarity on the methodological complexity of using the bounds to achieve the target structure in sampled graphs, specifically asking for a better description of the process of associating probabilities to graph locations (adjacency matrix, locations, or edge lists). They also note that Algorithm 1 briefly describes the methods but lacks detailed explanation in the main body.
25. The reviewer suggests including a scalability analysis of the proposed models, questioning the computational cost as the number of nodes grows.
26. The reviewer requests more clarity on how to use the theoretical bounds to determine which edges to sample to achieve a target structure, suggesting that a pseudocode could help.
27. The reviewer finds the explanation of the cubic bound insufficiently clear and requests further clarification on the novelty of the contribution, especially regarding tighter bounds in terms of overlap and volume. They illustrate this by discussing Erdős–Rényi graphs, noting that producing community structure requires additional constraints and that a cubic bound on triangle counts is expected.",
1090_2408_06321v2,https://arxiv.org/pdf/2408.06321v2,EqNIO: Subequivariant Neural Inertial Odometry,"Neural networks are seeing rapid adoption in purely inertial odometry, where accelerometer and gyroscope measurements from commodity inertial measurement units (IMU) are used to regress displacements and associated uncertainties. They can learn informative displacement priors, which can be directly fused with the raw data with off-the-shelf non-linear filters. Nevertheless, these networks do not consider the physical roto-reflective symmetries inherent in IMU data, leading to the need to memorize the same priors for every possible motion direction, which hinders generalization. In this work, we characterize these symmetries and show that the IMU data and the resulting displacement and covariance transform equivariantly, when rotated around the gravity vector and reflected with respect to arbitrary planes parallel to gravity. We design a neural network that respects these symmetries by design through equivariant processing in three steps: First, it estimates an equivariant gravity-aligned frame from equivariant vectors and invariant scalars derived from IMU data, leveraging expressive linear and non-linear layers tailored to commute with the underlying symmetry transformation. We then map the IMU data into this frame, thereby achieving an invariant canonicalization that can be directly used with off-the-shelf inertial odometry networks. Finally, we map these network outputs back into the original frame, thereby obtaining equivariant covariances and displacements. We demonstrate the generality of our framework by applying it to the filter-based approach based on TLIO, and the end-to-end RONIN architecture, and show better performance on the TLIO, Aria, RIDI and OxIOD datasets than existing methods.","0. The abstract describes EqNIO as leveraging 'canonical displacement priors' to generalize across arbitrary IMU orientations, but it lacks a clear technical explanation of how these priors work in practice. The abstract also claims generalization stems from 'canonical gravity-aligned frames' and 'equivariant yaw frames,' but it could benefit from a more precise explanation of these transformations and how they are operationalized in the model.
1. The learnable yaw orientation in canonical frames is a promising feature but lacks clarity on how it resolves yaw drift or improves orientation estimation, especially since yaw is typically the most challenging to estimate accurately in inertial odometry due to the absence of an absolute reference.
2. The introduction highlights EqNIO’s generalization and robustness but does not discuss potential limitations or scenarios where the approach may struggle, such as handling different sampling rates, extreme motions where IMU biases may not be fully mitigated, or contexts with poor gravity alignment.
3. While EqNIO is compared to existing neural odometry methods like TLIO and RONIN, the introduction does not delve into specific weaknesses in these prior approaches and how EqNIO addresses these limitations.
4. The paper covers a broad range of related works but may omit some recent or seminal papers in learning-based inertial odometry and equivariant neural networks. The literature review should be comprehensive, including all relevant and recent works to properly position EqNIO within the current research landscape. Given the close relationship between odometry and inertial attitude estimation, the authors are encouraged to explore learning-based approaches to inertial attitude estimation as well.
5. The descriptions of related methods such as TLIO and RONIN are somewhat high-level and lack technical depth, which may not adequately highlight the nuances that differentiate EqNIO from these methods.
6. It is unclear whether ICLR is the most appropriate venue for this research, given that the learning components in the paper are limited mainly to a regression module.
7. The paper assumes diagonal covariance in uncertainty modeling, but the validity of this assumption is only tested by final performance. An in-depth analysis using established uncertainty quantification evaluation tools could improve the paper, even if it is not the core focus.
8. For sensor fusion in visual-inertial odometry, having good uncertainty estimates from the inertial odometry module would be helpful. These estimates should consider modeling errors of neural networks and propagate uncertainties to the final module. Priors can also be defined using physical system properties. Would Bayesian modeling tools be considered for this?
9. The primary weakness of the paper is the clarity of its writing, particularly in understanding the major differences between this work and the previous work RIO: Rotation-equivariance Supervised Learning of Robust Inertial Odometry.
10. A more detailed explanation of the roto-reflection group and its importance is needed to help readers understand this concept and its relevance to the work.
11. A more detailed explanation of the PCA (handcrafted equivariant frame) concept and its relevance is needed to clarify its role and limitations in the method.
12. The figure intended to convey the core idea of the work does not clearly distinguish the differences between this approach and RIO; elaborating on this distinction would strengthen the presentation.
13. Figure captions should specify which data is seen and which is unseen to enhance reader understanding, as method performance highly depends on the amount of seen or trained data.
14. The supplementary material provides better clarity than the main paper; including some of this contextual information directly in the main paper would make it easier for reviewers and readers to follow the method.
15. The general canonicalization scheme used in the paper has been previously proposed by Kaba, Sékou-Oumar, et al. in 'Equivariance with learned canonicalization functions' (ICML 2023), and therefore should not be presented as a novel contribution. The original work must be cited.
16. Although the proposed method reduces drift compared to baselines, the remaining drift is still significant (greater than 2 meters), suggesting that the main problem in inertial odometry is not exact equivariance but likely sensor noise.
17. Why was the canonical equivariance scheme chosen over other equivariance approaches such as frame averaging (Puny et al., ICLR 2022), which also allow adapting existing non-equivariant architectures?
18. There is confusion about the choice and definition of metrics used in the TLIO experiments. Specifically, the definition of MSE in Appendix A.5 seems to be missing the squared norm, making it unclear how MSE relates to the square root of ATE. Also, it is suggested that ATE, RTE, and AYE metrics would be sufficient. Additionally, clarification is requested on whether SE3 alignment with ground truth trajectories is performed.
19. Could you elaborate on the yaw augmentation procedure used for TLIO and RoNIN?
20. It is surprising that despite requiring 10 times more FLOPs than the non-equivariant architectures, the runtime increase is less than 1 ms. Since there is no code release, can you comment more on the reasons for this efficiency?
21. In Figure 3b, it is not clear what 'rot. sense' means. Please explain how the frame is constructed from the network outputs with Gram-Schmidt orthogonalization for clarity.
22. There is a typo in the conclusion: 'respects eliminates' should be corrected.
23. It would be helpful to indicate that '*' means no-EKF in the captions of Tables 2 and 3, or simply remove the '*' since it is not applicable to RoNIN.
24. The accuracy improvements in terms of ATE and RTE metrics seem marginal compared to the increased complexity and runtime of the proposed method. On-device runtime is expected to be even higher. Nevertheless, the work is an interesting and novel application of learned canonicalization with potential for future work.",
8540_Nk1MegaPuG,,,,"0. The paper's settings are unclear regarding contamination: the threat model's knowledge, capabilities, and concrete examples in text-based attacks are not defined; the attacker's influence on benchmarks, the nature of adversarial samples, and adversarial objectives are not explained; and the defense settings lack clarity about the detector/defender's role and possible actions to eliminate poisoning.
1. The paper uses overly complicated and non-standard terminology, which creates barriers to understanding. For example, 'contamination' is typically called 'poisoning'; 'actor' is usually 'attacker' or 'adversary'; 'de-contamination' is rarely used and 'mitigation' is preferred; 'verbatim' could be replaced by 'word-wise'; 'sample-level' could be more accurately expressed as 'sentence-level' or 'token-level'; and 'Problematic Data Contamination' in Definition 3 is inaccurately used since it discusses the possibility of injecting poisoning data D'.
2. The paper does not clearly explain why pre-training requires benchmarking data; the author probably means 'public' or 'crowdsourced' data instead.
3. The paper over-claims its contribution by stating 'We define four (de-)contamination settings...' when these settings are actually summarized from prior work rather than newly defined in this paper.
4. The role of model providers is unclear because in Section 3 they are described as both attackers and defenders. The paper should distinguish model providers from adversaries (the 'actor').
5. The paper has poor structure and incomplete content: it lacks a related work section; does not detail the proposed rephrasing attack such as prompts or techniques used; Definition 4 repeats Definitions 1 and 2; Definition 5 should be rigorously formulated and linked to technical design; and Figure 1 should introduce 'TPR' (true positive rate) and 'FPR' (false positive rate).
6. The contribution is not significant because the author simply uses 'rephrasing' without strong intuition or motivation for its usefulness.
7. The experiments are simple and have problematic settings: the author mentions several detection strategies but does not provide corresponding experiments; the paper fails to clarify how evasiveness is guaranteed or measured; no baseline attacks are included; and the trade-off between attack effectiveness and evasiveness is not discussed.
8. Many sentences in the paper seem to be generated by GPT. While using GPT for polishing is acceptable, the original writing may be logically inconsistent and unclear, and GPT alone cannot improve the logic.
9. The paper's Definition 3 is unclear and requires clarification to improve understanding.
10. The distinction between openly malicious and evasively malicious actors is problematic because openly malicious contamination is easily detected and removed by existing methods, making it hard to find realistic use cases for openly malicious attackers.
11. Sections 4 and 5 contain some repetition and unnecessary content, and would benefit from streamlining to improve clarity and conciseness.
12. The paper lacks detailed descriptions of the processes for data rephrasing and contamination insertion, especially regarding how rephrased data is generated, despite stating that code is provided.
13. The authors overclaim their contribution by failing to consider the technical feasibility and applicability of updating baseline data in real-world applications, resulting in attack methods that are more suitable for closed environments and may not work in open and real-time updating environments.
14. Does the EAL technique circumvent all detection methods mentioned in 'A Taxonomy for Data Contamination in Large Language Models,' including those that do not require pre-training data?
15. The paper demonstrates the vulnerability of current data contamination detection methods to rephrasing attacks but does not explore potential defenses against these attacks. Without suggestions for addressing this vulnerability, the work may feel incomplete.
16. Could you provide a more detailed breakdown of the performance of the attack across different benchmarks to clarify if the performance gain is consistent?
17. Would it be feasible to increase the sample size of the contaminated dataset to reduce variance and enhance the stability of the results?
18. The paper lacks novelty and technical depth, and its presentation is hard to follow. Specifically, the proposed attack strategy is not sufficiently detailed or clearly explained, making it difficult for readers to understand its design. The experimental section focuses mainly on evaluating existing methods and does not clearly demonstrate the effectiveness of the proposed attack strategy. Additionally, the paper's organization is disjointed and lacks a coherent key idea, with unrelated sections placed consecutively, such as a discussion section that resembles a related work section.",
2297_2406_06811v1,https://arxiv.org/pdf/2406.06811v1,Learning Continually by Spectral Regularization,"Loss of plasticity is a phenomenon where neural networks can become more difficult to train over the course of learning. Continual learning algorithms seek to mitigate this effect by sustaining good performance while maintaining network trainability. We develop a new technique for improving continual learning inspired by the observation that the singular values of the neural network parameters at initialization are an important factor for trainability during early phases of learning. From this perspective, we derive a new spectral regularizer for continual learning that better sustains these beneficial initialization properties throughout training. In particular, the regularizer keeps the maximum singular value of each layer close to one. Spectral regularization directly ensures that gradient diversity is maintained throughout training, which promotes continual trainability, while minimally interfering with performance in a single task. We present an experimental analysis that shows how the proposed spectral regularizer can sustain trainability and performance across a range of model architectures in continual supervised and reinforcement learning settings. Spectral regularization is less sensitive to hyperparameters while demonstrating better training in individual tasks, sustaining trainability as new tasks arrive, and achieving better generalization performance.","0. The proposed method to keep the top singular value small is similar to the approach in the paper https://arxiv.org/abs/2303.06296, which applies spectral normalization rather than spectral regularization. The authors should clarify the differences and justify their approach.
1. The experimental setup is incomplete and not convincing due to the use of relatively small models (ResNet-18 and ViT), lack of specification of ViT model size, and insufficient description of the Tiny-Imagenet dataset (e.g., input resolution). Larger datasets and models are used in recent continual learning studies and should be considered.
2. The presentation of experimental results and discussion could be improved by adding legends to all figures (Figures 1 and 2), defining all quantities plotted (Figure 3), and including additional graphs that show how trainability improves in the continual learning setting.
3. The statement 'Note that these datasets and architectures encompass all continual supervised learning experimental settings considered in the loss of plasticity literature.' may be too strong and should be qualified or clarified.
4. The paper does not define all the quantities plotted in Figure 3, and the numbers for CIFAR-10 show that the proposed method is not always the best. The authors should comment on this observation to help readers understand the results better.
5. The paper would be improved by deriving theoretical results that illustrate the benefits of spectral regularization and the drawbacks of other regularization schemes in continual learning.
6. The authors should clarify why Continual Backprop was not evaluated in the experiments.
7. The addition of the spectral regularizer to the objective function improves stability in continual learning but introduces computational costs, especially for large models and large datasets.
8. The reviewer asks about the role of initialization in trainability and how singular values of the Jacobian and condition numbers influence the selection of new parameters such as rank.
9. The reviewer claims that the performance of spectral regularization is not always better than that of vision transformers and ResNets.
10. The reviewer suggests that the datasets used are insufficient and requests reference to the latest approaches.
11. The reviewer asks about the sudden decrease observed on the y-axis in Figure 5.
12. The reviewer expresses concern that the proposed spectral regularization method appears to offer only marginal improvement and novelty compared to L2 regularization. They note a possible connection between L2 regularization (including L2 regularization towards initialization) and spectral regularization, suggesting that a deeper understanding or analysis comparing these methods is important but missing from the paper. Additionally, the reviewer finds the empirical improvements shown in the experimental section to be marginal or not sufficiently highlighted, and they note the absence of actual tables or numerical values in the experimental results, which limits the ability to appreciate the achieved results. Finally, the reviewer asks how different the proposed approach is from L2 regularization on the same set of parameters.
13. The reviewer remains unconvinced by the empirical efficiency of the proposed spectral regularization method despite the authors' clarifications and additions, and therefore keeps their score unchanged.",
2204_ctXZJLBbyb,,,,"0. The paper should discuss two recent related works [1,2] that analyze heterophily in Graph Neural Networks (GNNs), to properly situate the current work in the context of existing literature.
1. Clarify the difference and advantage of the 'ideal Bayes classifier' used in this paper compared to the 'optimal Bayes classifier' described in [1], especially since the objectives seem similar regarding intra- and inter-class node distinguishability.
2. It would be beneficial for the authors to provide a deeper discussion on the implications of the assumptions made in their theoretical model, including justifications or scenarios where these assumptions are most likely to hold true.
3. The authors should elaborate on the experimental section by providing more detailed results, methodologies, and discussing potential pitfalls or challenges. They are also encouraged to consider using benchmarks from the paper https://arxiv.org/abs/2302.11640.
4. The recent work on heterophilous graph learning (https://arxiv.org/abs/2306.04265) should be added as related work in the manuscript.
5. The paper lacks comparisons with existing methods that analyze heterophily from the perspective of node degree and neighborhood distribution. Including discussions and comparisons regarding assumptions, graph generation, and results from these previous methods would improve the manuscript.
6. The paper does not provide suggestions or guidance for learning on heterophilous graphs. It would be helpful to offer advice on model design for these graphs or explain why existing methods succeed on them.
7. The paper could benefit from evaluations on larger-scale graphs, as the current evaluations on the HSBM model are too simplistic to demonstrate its effectiveness. Increasing the graph size in experiments would strengthen the validation.
8. The paper would benefit from including experiments on more large-scale datasets to further validate the theoretical results and demonstrate the effectiveness of the proposed methods.",
2010_2302_05865v2,https://arxiv.org/pdf/2302.05865v2,Flag Aggregator: Scalable Distributed Training under Failures and Augmented Losses using Convex Optimization,"Modern ML applications increasingly rely on complex deep learning models and large datasets. There has been an exponential growth in the amount of computation needed to train the largest models. Therefore, to scale computation and data, these models are inevitably trained in a distributed manner in clusters of nodes, and their updates are aggregated before being applied to the model. However, a distributed setup is prone to Byzantine failures of individual nodes, components, and software. With data augmentation added to these settings, there is a critical need for robust and efficient aggregation systems. We define the quality of workers as reconstruction ratios $\in (0,1]$, and formulate aggregation as a Maximum Likelihood Estimation procedure using Beta densities. We show that the Regularized form of log-likelihood wrt subspace can be approximately solved using iterative least squares solver, and provide convergence guarantees using recent Convex Optimization landscape results. Our empirical findings demonstrate that our approach significantly enhances the robustness of state-of-the-art Byzantine resilient aggregators. We evaluate our method in a distributed setup with a parameter server, and show simultaneous improvements in communication efficiency and accuracy across various tasks. The code is publicly available at https://github.com/hamidralmasi/FlagAggregator","0. The paper lacks a theoretical toy example that illustrates why the proposed Flag Aggregator (FA) is theoretically better than existing methods. Such an example would help clarify the modeling process, including how to determine the appropriate value for the parameter m, and would make the theoretical advantages of FA more persuasive to the audience.
1. The paper does not include a comparison of the computational complexity of FA with existing aggregators, raising concerns that FA might be too computationally expensive to use in every iteration.
2. The intuition behind the development of FA is not sufficiently clear. The authors should provide an example or a simple problem model to illustrate the intuition and explain why FA is optimal as claimed.
3. The description of the quadratic function in line 22 is unclear and should be simplified for better understanding.
4. The authors should comment on how augmented data and stable diffusion influence the mutual dependence of distributed data.
5. Clarify what is meant by nonlinear noise in the context of gradients.
6. Explain how discrete hyperparameters hamper convergence of the overall training procedure.
7. Clarify whether the 'sparse' term mentioned corresponds to the choice of the second dimension of Y (i.e., m), and explain how m is chosen.
8. In line 115, clarify if g should be g_i and whether the trace operator is necessary on a scalar.
9. Clarify what is meant by 'optimal subspace' in Figure 3, specifically whether it refers to optimality in the sense of formulation (5).
10. Explain why the Beta distribution is used in the formulation of FA.
11. Specify the types of attacks used in the experiment starting from line 300.
12. The reviewer appreciates the thorough responses and acknowledges the strong empirical performance of FA but remains concerned about the lack of a theoretical toy example illustrating the modeling process and computational complexity comparison. The reviewer understands this may not be necessary if the focus is on practical effectiveness and has raised scores accordingly.
13. The choice of setting the subspace rank m to (p+1)/2 in all experiments should be justified, either by theoretical analysis or other considerations, to clarify the rationale behind this decision.
14. The paper introduces a general framework using a general norm and suggests solving the system via SDP in Section 2, but later focuses on ℓ1 regularization for ease of optimization. An experimental comparison of different regularization terms would help bridge this gap and clarify the relationship between the general framework and the specific regularization used.
15. It would be useful to explore whether the proposed algorithm offers advantages even when there are no Byzantine workers (i.e., when f=0), to understand its performance in noiseless settings.
16. The reviewer requests empirical evidence regarding the practical overhead introduced by the SVD computation in the proposed Flag Aggregator method, as current results only measure performance at the epoch level.
17. The reviewer notes that most baseline methods compared in the experiments are outdated (from at least 2018) and requests comparison with more recent algorithms such as those by Allouah et al. (2023a;b) and Farhadkhani et al. (2022).",
1502_2409_11219v1,https://arxiv.org/pdf/2409.11219v1,"Score Forgetting Distillation: A Swift, Data-Free Method for Machine Unlearning in Diffusion Models","The machine learning community is increasingly recognizing the importance of fostering trust and safety in modern generative AI (GenAI) models. We posit machine unlearning (MU) as a crucial foundation for developing safe, secure, and trustworthy GenAI models. Traditional MU methods often rely on stringent assumptions and require access to real data. This paper introduces Score Forgetting Distillation (SFD), an innovative MU approach that promotes the forgetting of undesirable information in diffusion models by aligning the conditional scores of ""unsafe"" classes or concepts with those of ""safe"" ones. To eliminate the need for real data, our SFD framework incorporates a score-based MU loss into the score distillation objective of a pretrained diffusion model. This serves as a regularization term that preserves desired generation capabilities while enabling the production of synthetic data through a one-step generator. Our experiments on pretrained label-conditional and text-to-image diffusion models demonstrate that our method effectively accelerates the forgetting of target classes or concepts during generation, while preserving the quality of other classes or concepts. This unlearned and distilled diffusion not only pioneers a novel concept in MU but also accelerates the generation speed of diffusion models. Our experiments and studies on a range of diffusion models and datasets confirm that our approach is generalizable, effective, and advantageous for MU in diffusion models. Code is available at https://github.com/tqch/score-forgetting-distillation. ($\textbf{Warning:}$ This paper contains sexually explicit imagery, discussions of pornography, racially-charged terminology, and other content that some readers may find disturbing, distressing, and/or offensive.)","0. The paper's presentation could be improved by adding a dedicated related works section instead of integrating prior work content within the methodology section, which currently makes it difficult to clearly identify the paper’s unique contributions.
1. The authors should justify their choice of Score Identity Distillation (SiD) over other one-step diffusion distillation methods like Diff-Instruct and DMD, or alternatively integrate these methods into the SFD framework and provide related discussions or experimental results.
2. The authors should clarify how baseline results were obtained, specify exact sources if results were taken from original papers, and clarify if the experimental settings align with previous work such as [1].
3. The authors should explain why style forgetting and random data forgetting, which are standard choices for MU evaluation, were not considered in their study.
4. The authors should report run-time efficiency (RTE) of the MU method and discuss the computational cost associated with pretraining the score function.
5. The authors should comment on the alternative approach of performing forgetting first, followed by distillation, as a method to achieve efficient unlearning.
6. The paper's contributions may be perceived as incremental because it builds upon existing work in score distillation and machine unlearning, with the primary novelty being the integration of machine unlearning into the score distillation framework.
7. The authors do not sufficiently explain the specific advantages of integrating unlearning into score distillation. They also lack comparisons with other one-step diffusion models or alternative multi-step baselines, such as SiD/DMD distilled models, pre-trained consistency models, or diffusion solvers like DDIM and DPM-Solver++.
8. The paper does not provide an analysis of the algorithm's runtime or computational efficiency, which is important to justify the practicality of the proposed method compared to retraining from scratch.
9. The paper does not evaluate the performance of SFD when applied to distilled models or in sequential unlearning scenarios, which are important for practical deployment in production models that require handling multiple unlearning requests over time.
10. There are inconsistencies in the experimental results: some baselines (e.g., ESD, SA, SalUn) appear in Table 1 but are missing in Tables 2 and 3 without explanation.
11. The paper lacks a related work section that highlights the differences among existing works, which is important to clarify the novelty and positioning of the proposed method.
12. The evaluation is missing adversarial prompt attack tests, such as UnlearnDiffAtk, which are common and important for assessing the robustness of unlearned diffusion models.
13. A comparison of generation times is missing, which is essential to demonstrate the efficiency advantage of the proposed one-step generator over multi-step baselines.
14. The baselines used in the experiments are weak; stronger state-of-the-art methods such as AdvUnlearn should be considered for comparison.
15. The paper lacks empirical data on the runtime of the proposed unlearning procedure, making it unclear whether the method is computationally efficient and practical for large-scale or real-time applications.
16. The paper lacks an evaluation of the robustness of the proposed unlearning method against adversarial text prompts that can circumvent unlearning mechanisms in text-to-image models, which is important to validate the method's reliability.",
1372_2305_15560v1,https://arxiv.org/pdf/2305.15560v1,Differentially Private Synthetic Data via Foundation Model APIs 1: Images,"Generating differentially private (DP) synthetic data that closely resembles the original private data is a scalable way to mitigate privacy concerns in the current data-driven world. In contrast to current practices that train customized models for this task, we aim to generate DP Synthetic Data via APIs (DPSDA), where we treat foundation models as blackboxes and only utilize their inference APIs. Such API-based, training-free approaches are easier to deploy as exemplified by the recent surge in the number of API-based apps. These approaches can also leverage the power of large foundation models which are only accessible via their inference APIs. However, this comes with greater challenges due to strictly more restrictive model access and the need to protect privacy from the API provider.
  In this paper, we present a new framework called Private Evolution (PE) to solve this problem and show its initial promise on synthetic images. Surprisingly, PE can match or even outperform state-of-the-art (SOTA) methods without any model training. For example, on CIFAR10 (with ImageNet as the public data), we achieve FID <= 7.9 with privacy cost ε = 0.67, significantly improving the previous SOTA from ε = 32. We further demonstrate the promise of applying PE on large foundation models such as Stable Diffusion to tackle challenging private datasets with a small number of high-resolution images. The code and data are released at https://github.com/microsoft/DPSDA.","0. The proposed method is not generic and only applies to powerful generative AI models. If the foundation model is not sufficiently powerful, the quality of the generated images is likely to be poor.
1. The authors did not provide formal or intuitive explanations on how a diffusion model pretrained on ImageNet can generate images from a very different distribution like CAMELYON17. This raises doubts about the validity of the results, especially given the large distribution shift.
2. It would be clearer and more intuitive if the authors highlight which generated samples are used to update the histogram in each iteration. For example, in Figure 19 at iteration 0, which generative samples are closer to the private set and used to update the histogram?
3. Algorithm 2 suggests that if the overlap between the generated set and private set is small, the histogram may become more concentrated on some samples, potentially reducing the variation in generation.
4. The paper is confusing in tracking pretrained model information. The terms 'pretrained model' and 'API' are used interchangeably, but there are two APIs. For example, Appendix I mentions only one pretrained model—is that the random_API? In the API implementation, both APIs are mentioned, and the variation_API is SDEdit. Is it also pretrained on ImageNet?
5. It is not meaningful to compare performance at different (epsilon, delta)-DP levels, such as in Section 5.1.2. The comparison should be made at the same DP guarantee.
6. In Appendix H, it is stated that in VARIATION API calls, the class label or text prompt is used as condition information, and output samples have the same label as input. Was this strategy used in the Section 5.1.2 experiment? If so, how did the ImageNet label guide the generation of Camelyon17 images?
7. In Figure 19(a), the output of random_API at iteration 0 shows some images with weird pinkish colors, which is unexpected if the random_API is well pretrained. The authors are asked for interpretations of this phenomenon.
8. The privacy guarantee of the proposed method may be compromised because each query at an iteration depends on the output of the previous iteration, leading to adaptive queries with correlated outputs that could amplify privacy loss. Additionally, if the underlying API model memorizes information from the queries or updates based on user interactions, there could be long-term privacy implications, especially since later iterations feed back data highly similar to the private data.
9. The algorithm is highly dependent on the capability of the API and has only been evaluated on image data. The authors should comment on the generalizability of the method to other data types such as text and tabular data.
10. The authors treat conditional generation as unconditional generation for each class, which may not be optimal for datasets with many classes and few images per class. The algorithm may need adaptation to handle such scenarios, and the authors should comment on how they would adapt the algorithm and the expected utility.
11. The authors should discuss the monetary cost of the algorithm, especially considering that API calls to foundation models like GPT4, Bard, and DALLE2 can be expensive and that these models may support fine-tuning access. The authors should compare the costs of the two routes: DPSDA (their method) versus DP fine-tuning.
12. The reviewer is curious whether calling the VARIATION_API multiple times will hurt utility due to increased diversity and lack of constraints ensuring similarity to private data. They request more evaluation to corroborate the argument, such as training classifiers on initial and generated images to compare utility.
13. Several relevant published works on differentially private synthetic data generation are missing from the related work section. The authors should include and discuss these works.
14. In the evaluation, the authors presented generated Camelyon17 images with (9.92, 3x10^{-6})-DP but did not report accuracy on this dataset, instead reporting numbers for the epsilon=7.58 dataset. It would be fairer to compare the epsilon=9.92 results with epsilon=10 results from prior work. The authors should add this result.
15. More details on the ensemble method used in the experiments are requested. Specifically, whether the 5 classifiers are trained on disjoint datasets each of 0.2M samples, and if this setup matches that of Ghalebikesabi et al., since 0.2M samples per CIFAR classifier seems large.
16. The experimental setting in Section 5.2 uses a private dataset with all datapoints contributed by a single identity, which is not meaningful for differential privacy. A dataset with multiple identities and multiple images per identity (e.g., 5 cats with 20 images each) would be better to evaluate the utility of synthesized data.
17. There are minor issues such as grammar mistakes in Section 4.1, messed up footnote positions and order, and inappropriate use of names like 'Cat Cookie' and 'Cat Doudou' in a research paper. The authors should correct these.
18. Please discuss the effect of the size of the private dataset on the performance of the proposed method.
19. Compare the downstream classification accuracy of the proposed method with state-of-the-art DP training models on raw data to evaluate which performs better on downstream classification tasks.
20. The claim that the framework and algorithms are general for any data type is overclaimed; it is unclear how the method can be extended to text or audio due to complexity and lack of APIs. The authors should either remove this claim or discuss how the extension can be done.
21. Clarify how the private images (e.g., CIFAR-10) are ensured not to be part of the training data of the foundation models used in the APIs, as this affects the practicality of the method. The experiments seem to simulate APIs with pre-trained models rather than using real-world APIs.
22. The claim that the proposed method is easier to deploy than existing methods is not supported. Empirical validation by measuring computational costs compared to existing methods is needed.
23. Discuss the limitations of DP synthetic data in general, especially in decentralized settings where data is distributed across users and cannot be centralized.
24. The computational cost comparison in Appendix O is unclear: the settings and results lack detailed analysis; the computational time is represented differently; questions arise about the generation time of DP-Diffusion, the total time of the proposed method, scaling with number of samples, fairness of timing comparisons, and the use of simulated local APIs instead of real-world APIs.
25. Since experiments use local models instead of real-world APIs, and there is no strong application example where using APIs does not violate privacy guarantees, the authors should tone down and remove most claims regarding using real-world APIs.
26. The performance of PE being independent of the number of private samples is surprising. The authors should elaborate on this and ideally conduct experiments varying the number of samples within the same dataset (e.g., CIFAR-10) to measure performance changes.
27. The main two limitations of the work are: 1) using local APIs instead of real APIs, making it difficult to ensure private data is not used in pre-training of models behind real APIs; 2) the method requires going through at least a subset of steps to generate images, unlike existing training-based methods that only require running inference.
28. The core differentially private (DP) component of the proposed approach, which involves adding DP noise to the histogram, is largely based on existing ideas and mechanisms, which somewhat diminishes the overall technical contribution of the submission.
29. The proposed approach shows encouraging results on the Camelyon17 dataset with large distribution shifts between public and private data, but its performance may be inferior to pre-training and fine-tuning methods, especially since only one privacy level is presented and the performance curves do not saturate. A deeper exploration of the limits of the pure API method regarding tolerance to distribution shifts, possibly using other medical datasets, and a discussion on potential refinements or extensions would strengthen the submission.
30. Several hyperparameters, including the threshold for DP nearest neighbor and the lookahead degree, are crucial for the proposed approach. It would be helpful to provide further discussion on how these hyperparameters are selected, their transferability across different datasets, and any computational trade-offs in practical scenarios.
31. While qualitative results such as generated samples and their nearest neighbors among real data are appreciated, additional quantitative evaluation is expected. This could include histograms or average results of nearest neighbor distances (both from real to closest generated and from generated to closest real), which would provide critical insights into the fidelity of generated samples, approximated data likelihood, and empirical privacy leakage.
32. Although the approach to investigating distribution shift differs from the reviewer's expectation of a focus on concept/semantic shift, the presented perspective is valuable. There is a potential limitation in real-world applicability when private data significantly deviates from the pre-training data distribution of foundation models. Despite this, the paper offers a viable potential solution and valuable insights that could drive future research. Therefore, the submission is considered above the acceptance threshold for ICLR.",
683_2308_06463v1,https://arxiv.org/pdf/2308.06463v1,GPT-4 Is Too Smart To Be Safe: Stealthy Chat with LLMs via Cipher,"Safety lies at the core of the development of Large Language Models (LLMs). There is ample work on aligning LLMs with human ethics and preferences, including data filtering in pretraining, supervised fine-tuning, reinforcement learning from human feedback, and red teaming, etc. In this study, we discover that chat in cipher can bypass the safety alignment techniques of LLMs, which are mainly conducted in natural languages. We propose a novel framework CipherChat to systematically examine the generalizability of safety alignment to non-natural languages -- ciphers. CipherChat enables humans to chat with LLMs through cipher prompts topped with system role descriptions and few-shot enciphered demonstrations. We use CipherChat to assess state-of-the-art LLMs, including ChatGPT and GPT-4 for different representative human ciphers across 11 safety domains in both English and Chinese. Experimental results show that certain ciphers succeed almost 100% of the time to bypass the safety alignment of GPT-4 in several safety domains, demonstrating the necessity of developing safety alignment for non-natural languages. Notably, we identify that LLMs seem to have a ''secret cipher'', and propose a novel SelfCipher that uses only role play and several demonstrations in natural language to evoke this capability. SelfCipher surprisingly outperforms existing human ciphers in almost all cases. Our code and data will be released at https://github.com/RobustNLP/CipherChat.","0. The method proposed in the paper is effective for OpenAI models like GPT-3.5 and GPT-4, but it does not appear to be easily generalizable to other large language models (LLMs), as demonstrated by the results in Table 4.
1. The evaluation of the safety detection method relies mostly on GPT-4, and the paper should provide more details about the human validation process that achieved an average accuracy of 96.3% across all settings.
2. The paper presentation needs improvements, including explaining what 'ICL' means, filling in the blank 'Case study' section, and clarifying the actual input of SelfCipher and how the unsafe rate is measured.
3. In Table 3, the addition of safe demonstrations (+SafeDemo) led to a higher unsafe rate for UTF encoding, which is counterintuitive and requires explanation.
4. The paper mentions human evaluation but lacks important details such as who the evaluators were, how many annotations each sample received, the inter-annotator agreement, and the detailed evaluation setup. These details are important and should be included in the paper.
5. The SelfCipher section in the paper lacks sufficient details and explanation, and should be expanded to provide more clarity.
6. The technical contributions of the paper seem lacking because the authors use simple in-context prompts and demonstrations to solve the problem.
7. The English prompts were obtained by translating sentences from Chinese, which may not be reliable due to cultural and linguistic differences affecting safety considerations.
8. The human evaluations were conducted on a small sample size of 50 per case, which may limit the robustness of the conclusions.
9. Many experimental results have empty rows due to small success rates, making it difficult to draw robust conclusions from the results.
10. The experimental setup and results need to be made more robust to strengthen the paper.
11. Since the paper discusses a sensitive topic, it should include an ethics statement discussing the societal impact, potential negative consequences, and how bad actors might exploit the vulnerabilities found.
12. The experiments in the paper use only one Chinese dataset, although a translated English version is added. This raises a risk that the findings might be biased towards this particular dataset.
13. The reported security risk of LLMs being bypassed by non-natural language prompts (Cipher) seems easy to defend against using methods like perplexity detection for Cipher and content filtering for SelfCipher. Therefore, it is unclear whether this discovered security risk can cause real-world problems.
14. There is some data sampling operation in the data processing stage. What is the reason behind this sampling? Why not use the full dataset?
15. Please provide the performance results when safe demonstrations are given at the system prompt, and clarify how much performance degradation occurs compared to unsafe demonstrations.
16. Please provide the unsafe rate performance of the Llama2 models (13B and 70B) communicating via SelfCipher for benchmarking and community reference.
17. How should we interpret the observation that GPT-4 has a higher unsafe rate than smaller ChatGPT models, but this trend does not hold for Llama2 models? Is GPT-4 too smart to be safe, and can we generalize that smarter LLMs are less safe?
18. Several sentences and phrases in the paper are unclear and need clarification, specifically: (1) On page 4, the phrase 'In our preliminary experiments, LLMs tend to directly translate the cipher input into natural language.' (2) On page 8, the phrase 'The safe demonstrations can further reduce the unsafety rate, and solve the problem of generating invalid responses without unsafe demonstrations.'
19. The paragraph starting the Case Study on page 7 is missing and should be completed.
20. Do the authors think the model's encipher capability is evoked specifically by the word 'cipher' or is it just a magic trigger word? Since models do not respond similarly to words like 'English' or 'Chinese', can other random words also encourage the models to work in this way? Can the authors share any insights gained during this work?
21. The reviewer suggests adding instruction-following evaluation results concerning the cipher to determine if the cipher affects only unsafe prompts or general instructions.
22. Depending on the cipher algorithms, the results vary. Please provide any insights about the reasons for this variation.",
